dev-flo, dev.music-flo.io., _c17782c49639c46d587899e6138ffb3c.dev.music-flo.io., CNAME, _5dea42cd8d83ea9d1daa044724cb0e26.nhqijqilxf.acm-validations.aws., true
dev-flo, dev.music-flo.io., _a38d7d31ac73b1998e6a967cb5a8faab.api.dev.music-flo.io., CNAME, _7272cec45f696a281c5d8a42794f5ed6.nhqijqilxf.acm-validations.aws., true
dev-flo, dev.music-flo.io., backend.dev.music-flo.io., A, 10.180.194.69, true
dev-flo, dev.music-flo.io., redis.cache.dev.music-flo.io., CNAME, redis-cache-dev-music-flo-io.pe83rx.clustercfg.apn2.cache.amazonaws.com, true
dev-flo, dev.music-flo.io., dooly-argocd.dev.music-flo.io., CNAME, internal-k8s-doolyhel-doolyhel-9d0176e1b3-215000993.ap-northeast-2.elb.amazonaws.com, true
dev-flo, dev.music-flo.io., emr.dev.music-flo.io., A, 10.180.196.188, true
dev-flo, dev.music-flo.io., flo-reco.dev.music-flo.io., A, 10.180.194.242, true
dev-flo, dev.music-flo.io., flo-text-to-sql.dev.music-flo.io., A, 10.180.195.149, true
dev-flo, dev.music-flo.io., kafka.dev.music-flo.io., A, 10.180.195.120, true
dev-flo, dev.music-flo.io., nfs.dev.music-flo.io., CNAME, fs-aa1198ca.efs.ap-northeast-2.amazonaws.com, true
dev-flo, dev.music-flo.io., emr.poc.dev.music-flo.io., A, 10.180.196.78, true
dev-flo, dev.music-flo.io., trino-masked.dev.music-flo.io., A, 10.180.196.98, true
dev-flo, dev.music-flo.io., trino.dev.music-flo.io., A, 10.180.196.131, true
dev-flo, qa01.music-flo.com., _423fdf4023557e3a077ffd813500ec3e.qa01.music-flo.com., CNAME, _6b055e5403c3978d4ed4bf2e0cac1cb0.wmmlzlpmyg.acm-validations.aws., true
dev-flo, qa01.music-flo.com., _7ec32acb8f770a5a6a0f124dd5e50210.qa01.music-flo.com., CNAME, _6074244dbf88bbbfa3e10b9ae140b0b9.bdvkfdzfbg.acm-validations.aws., true
dev-flo, qa01.music-flo.com., _8339727fda38782d0b75bc6a081c51ce.api.qa01.music-flo.com., CNAME, _35aac64ce95e344c34068981cf039ca7.bdvkfdzfbg.acm-validations.aws., true
dev-flo, qa01.music-flo.com., mcp.cache.qa01.music-flo.com., CNAME, mcp-cache-qa01-music-flo-com.pe83rx.ng.0001.apn2.cache.amazonaws.com, true
dev-flo, qa01.music-flo.com., pri-mcp-redis.cache.qa01.music-flo.com., A, 10.190.119.62, true
dev-flo, qa01.music-flo.com., redis.cache.qa01.music-flo.com., CNAME, redis-cache-qa01-music-flo-com.pe83rx.clustercfg.apn2.cache.amazonaws.com, true
dev-flo, qa01.music-flo.com., _ffe6ad30d3af05a63970d2e772f6c0e4.cmsflo.qa01.music-flo.com., CNAME, _2cdeaa26b37816fd4eaf359807d2a3d9.xlfgrmvvlj.acm-validations.aws., true
dev-flo, qa01.music-flo.com., kafka-01.qa01.music-flo.com., A, 10.190.57.13, true
dev-flo, qa01.music-flo.com., kafka-02.qa01.music-flo.com., A, 10.190.71.152, true
dev-flo, qa01.music-flo.com., kafka-03.qa01.music-flo.com., A, 10.190.126.184, true
dev-flo, qa01.music-flo.com., mcp-nfs-data.qa01.music-flo.com., CNAME, fs-0508e4724727af17c.efs.ap-northeast-2.amazonaws.com, true
dev-flo, qa01.music-flo.com., mongos-01.qa01.music-flo.com., A, 10.190.253.68, true
dev-flo, qa01.music-flo.com., mongos-02.qa01.music-flo.com., A, 10.190.254.217, true
dev-flo, qa01.music-flo.com., mongos-03.qa01.music-flo.com., A, 10.190.255.167, true
dev-flo, qa01.music-flo.com., nfs.qa01.music-flo.com., CNAME, fs-0984b7f5afe709c76.efs.ap-northeast-2.amazonaws.com, true
dev-flo, qa01.music-flo.com., pri-mcp-zk.qa01.music-flo.com., A, 10.190.103.161, true
dev-flo, qa01.music-flo.com., purchase-batch-nfs.qa01.music-flo.com., CNAME, fs-05acec6ec2c9e8b8d.efs.ap-northeast-2.amazonaws.com, true
dev-flo, dev.music-flo.com., _2f95972d64499259bbf00a60ea9626d3.dev.music-flo.com., CNAME, _16c2bff3048050b9fcc97a2c97c8a017.btsqtkxpyp.acm-validations.aws., true
dev-flo, dev.music-flo.com., _d10d77f4a4b174fa36be123b209846c0.dev.music-flo.com., CNAME, _c08744ca0df7fe1383f9df5ca42206e7.mntkzmhvxg.acm-validations.aws., true
dev-flo, dev.music-flo.com., _4c7206e55d76cf0f811af4de00e4f04a.api.dev.music-flo.com., CNAME, _8a110aa7eb0f95450b961d2a6e6a29b8.bdvkfdzfbg.acm-validations.aws., true
dev-flo, dev.music-flo.com., mcp.cache.dev.music-flo.com., CNAME, mcp-cache-dev-music-flo-com.pe83rx.ng.0001.apn2.cache.amazonaws.com, true
dev-flo, dev.music-flo.com., pri-mcp-redis.cache.dev.music-flo.com., A, 10.180.194.189, true
dev-flo, dev.music-flo.com., redis.cache.dev.music-flo.com., CNAME, redis-cache-dev-music-flo-com.pe83rx.clustercfg.apn2.cache.amazonaws.com, true
dev-flo, dev.music-flo.com., _31c130495a4e13ae27040107fa7117dc.cmsflo.dev.music-flo.com., CNAME, _41e499967f979ce06a5df34a2aacd05f.xlfgrmvvlj.acm-validations.aws., true
dev-flo, dev.music-flo.com., kafka.dev.music-flo.com., A, 10.180.195.120, true
dev-flo, dev.music-flo.com., mcp-nfs-data.dev.music-flo.com., CNAME, fs-06b5891e50ce2ec48.efs.ap-northeast-2.amazonaws.com, true
dev-flo, dev.music-flo.com., nfs.dev.music-flo.com., CNAME, fs-aa1198ca.efs.ap-northeast-2.amazonaws.com, true
dev-flo, dev.music-flo.com., pri-mcp-zk.dev.music-flo.com., A, 10.180.194.88, true
dev-flo, dev99.music-flo.com., _3fa7a50b01ea14cf1275d9ac2311b324.dev99.music-flo.com., CNAME, _1422bb503eef97e4a45c461cef8fdd88.xlfgrmvvlj.acm-validations.aws., true
dev-flo, dev99.music-flo.com., _b6ce899348c81324a8bbffc98ee4426f.dev99.music-flo.com., CNAME, _66927d6cab54c0c1f3900d9b403e9290.xlfgrmvvlj.acm-validations.aws., true
dev-flo, qa99.music-flo.com., _27dd90eed68668df82526305d717ac57.qa99.music-flo.com., CNAME, _bad55b62f252e5c699479100f9fc264c.xlfgrmvvlj.acm-validations.aws., true
dev-flo, qa99.music-flo.com., _a1d84da147f65fa2278480bd1f332170.qa99.music-flo.com., CNAME, _5a6adbbe61897f76ac16d1d8cb0ff61f.xlfgrmvvlj.acm-validations.aws., true
dev-flo, dev.flo-car.link., _2faa4f3c25bc0b820f6d78e4829a5180.dev.flo-car.link., CNAME, _7995e5af9904ee5e861550d7fe83bdf8.xlfgrmvvlj.acm-validations.aws., true
dev-flo, dev.flo-car.link., _664857b2aa82fc8090279d4d80c36737.dev.flo-car.link., CNAME, _57dafd9337eb014029eabd03a3fa9c48.xlfgrmvvlj.acm-validations.aws., true
dev-flo, qa01.create-flo.com., _36bb0ae7c492c81dc1972d2ae07512b2.qa01.create-flo.com., CNAME, _f8268986c8cce4b381b1889bd999e7a4.hnyhpvdqhv.acm-validations.aws., true
dev-flo, qa01.create-flo.com., _d820e8acbdef8df0e17f9fd3663df9c6.qa01.create-flo.com., CNAME, _079b11064a5c86563863c6e4b639bd48.bpxxncpwjz.acm-validations.aws., true
dev-flo, dev.flomuz.io., _e9e0babb34e292e22f8dbc419729fee3.dev.flomuz.io., CNAME, _4a143dd8dd6525593cb854b17bbce4a9.bxmgrlxjqk.acm-validations.aws., true
dev-flo, dev.flomuz.io., _edc388667ad39737c0f608a2db03f41a.dev.flomuz.io., CNAME, _136ced1a740b33f57d7dfbb49305599d.btsqtkxpyp.acm-validations.aws., true
dev-flo, qa01.flomuz.io., _3044ea16472de67ddafe5698d0f9c4ea.qa01.flomuz.io., CNAME, _003828aacc786322a722765493ff566e.mybbdzzyvz.acm-validations.aws., true
dev-flo, qa01.flomuz.io., _d2216bd6a24399327869b2de102e092d.qa01.flomuz.io., CNAME, _e57f6e1172fc0e13884183b53585482a.hnyhpvdqhv.acm-validations.aws., true
dev-flo, qa.music-flo.com., _6662c4db12c517b7ca0b5d1935c5002f.qa.music-flo.com., CNAME, _5f955afba7afa42a7dc808643d0d6cc1.tjztrygkxr.acm-validations.aws., true
dev-flo, qa.music-flo.com., _7c08845bdb7e3d02596142b3e0325d8e.qa.music-flo.com., CNAME, _9b87f5ed79cc06f0cc4084e309c1d820.yssrbzrnkq.acm-validations.aws., true
dev-flo, qa.music-flo.com., pri-mcp-redis.cache.qa.music-flo.com., A, 10.190.119.62, true
dev-flo, qa.music-flo.com., redis.cache.qa.music-flo.com., CNAME, redis-cache-qa01-music-flo-com.pe83rx.clustercfg.apn2.cache.amazonaws.com, true
dev-flo, qa.music-flo.com., _62b4ba05825b72d0997315cf2646ca57.cmsflo.qa.music-flo.com., CNAME, _bf1c3b42d66cbf2392d7cd06a8156ad5.xlfgrmvvlj.acm-validations.aws., true
dev-flo, qa.music-flo.com., kafka-01.qa.music-flo.com., A, 10.190.57.13, true
dev-flo, qa.music-flo.com., kafka-02.qa.music-flo.com., A, 10.190.71.152, true
dev-flo, qa.music-flo.com., kafka-03.qa.music-flo.com., A, 10.190.126.184, true
dev-flo, qa.music-flo.com., mongos-01.qa.music-flo.com., A, 10.190.253.68, true
dev-flo, qa.music-flo.com., mongos-02.qa.music-flo.com., A, 10.190.254.217, true
dev-flo, qa.music-flo.com., mongos-03.qa.music-flo.com., A, 10.190.255.167, true
dev-flo, qa.music-flo.com., nfs.qa.music-flo.com., CNAME, fs-0984b7f5afe709c76.efs.ap-northeast-2.amazonaws.com, true
dev-flo, qa.music-flo.com., pri-mcp-zk.qa.music-flo.com., A, 10.190.103.161, true
dev-flo, qa.music-flo.com., reco-hook.qa.music-flo.com., A, 10.190.37.213, true
dev-flo, qa.music-flo.com., zk-01.qa.music-flo.com., A, 10.190.32.69, true
dev-flo, qa.music-flo.com., zk-02.qa.music-flo.com., A, 10.190.89.79, true
dev-flo, qa.music-flo.com., zk-03.qa.music-flo.com., A, 10.190.125.22, true
dev-flo, dev.flodb.link., dev-mgnd-mongo-up-01.dev.flodb.link., A, 10.180.198.34, true
dev-flo, dev.flodb.link., dev-mgnd-mongo-up-02.dev.flodb.link., A, 10.180.198.188, true
dev-flo, dev.flodb.link., dreamus-my.dev.flodb.link., CNAME, dev-dreamus-up.cluster-cvzu2tknt0xt.ap-northeast-2.rds.amazonaws.com, true
dev-flo, dev.flodb.link., ro.dreamus-my.dev.flodb.link., CNAME, dev-dreamus-up.cluster-ro-cvzu2tknt0xt.ap-northeast-2.rds.amazonaws.com, true
dev-flo, dev.flodb.link., flo-mgo.dev.flodb.link., A, 10.180.198.98, true
dev-flo, dev.flodb.link., mcp-my.dev.flodb.link., CNAME, dev-flo-up.cluster-cvzu2tknt0xt.ap-northeast-2.rds.amazonaws.com, true
dev-flo, dev.flodb.link., ro.mcp-my.dev.flodb.link., CNAME, dev-flo-up.cluster-ro-cvzu2tknt0xt.ap-northeast-2.rds.amazonaws.com, true
dev-flo, dev.flodb.link., mmate-my.dev.flodb.link., CNAME, dev-flo-up.cluster-cvzu2tknt0xt.ap-northeast-2.rds.amazonaws.com, true
dev-flo, dev.flodb.link., ro.mmate-my.dev.flodb.link., CNAME, dev-flo-up.cluster-ro-cvzu2tknt0xt.ap-northeast-2.rds.amazonaws.com, true
dev-flo, dev.flodb.link., mmatearc-my.dev.flodb.link., CNAME, dev-flo-up.cluster-cvzu2tknt0xt.ap-northeast-2.rds.amazonaws.com, true
dev-flo, dev.flodb.link., ro.mmatearc-my.dev.flodb.link., CNAME, dev-flo-up.cluster-ro-cvzu2tknt0xt.ap-northeast-2.rds.amazonaws.com, true
dev-flo, dev.flodb.link., mmatelog-my.dev.flodb.link., CNAME, dev-flo-up.cluster-cvzu2tknt0xt.ap-northeast-2.rds.amazonaws.com, true
dev-flo, dev.flodb.link., ro.mmatelog-my.dev.flodb.link., CNAME, dev-flo-up.cluster-ro-cvzu2tknt0xt.ap-northeast-2.rds.amazonaws.com, true
dev-flo, dev.flodb.link., nearline-mgo.dev.flodb.link., A, 10.180.198.114, true
dev-flo, dev.flodb.link., ota-my.dev.flodb.link., CNAME, dev-flo-up.cluster-cvzu2tknt0xt.ap-northeast-2.rds.amazonaws.com, true
dev-flo, dev.flodb.link., ro.ota-my.dev.flodb.link., CNAME, dev-flo-up.cluster-ro-cvzu2tknt0xt.ap-northeast-2.rds.amazonaws.com, true
dev-flo, dev.flodb.link., support-mgo.dev.flodb.link., A, 10.180.198.114, true
dev-flo, qa.flomuz.io., _e1b6c42f380e4a2d41da9c09669515e0.qa.flomuz.io., CNAME, _8e93d5e051d64dfe98ffbe8d3fef1561.yssrbzrnkq.acm-validations.aws., true
dev-flo, cloud-dba.dev.flodb.link., _8a55f252cbc5d011e2645ba6c0a2f28b.cloud-dba.dev.flodb.link., CNAME, _8fa6eaf12ae9d38ae3404af9ff6fd2d0.xlfgrmvvlj.acm-validations.aws., true
dev-flo, cloud-dba.dev.flodb.link., not-exists-endpoint.cloud-dba.dev.flodb.link., CNAME, not-exists-endpoint.cluster-cvzu2tknt0xt.ap-northeast-2.rds.amazonaws.com, true
dev-flo, cloud-dba.dev.flodb.link., qa-dba-mongod-04.cloud-dba.dev.flodb.link., A, 10.190.253.72, true
dev-flo, cloud-dba.dev.flodb.link., qa-dba-mongod-05.cloud-dba.dev.flodb.link., A, 10.190.254.49, true
dev-flo, cloud-dba.dev.flodb.link., qa-dba-mongod-06.cloud-dba.dev.flodb.link., A, 10.190.255.101, true
dev-flo, cloud-dba.dev.flodb.link., qa-dba-up-mongod-04.cloud-dba.dev.flodb.link., A, 10.190.253.96, true
dev-flo, cloud-dba.dev.flodb.link., qa-dba-up-mongod-05.cloud-dba.dev.flodb.link., A, 10.190.254.95, true
dev-flo, cloud-dba.dev.flodb.link., qa-dba-up-mongod-06.cloud-dba.dev.flodb.link., A, 10.190.255.184, true
dev-flo, cloud-dba.dev.flodb.link., test-mongod-mgnd-01.cloud-dba.dev.flodb.link., A, 10.180.45.117, true
dev-flo, cloud-dba.dev.flodb.link., test-mongod-mgnd-02.cloud-dba.dev.flodb.link., A, 10.180.45.138, true
dev-flo, cloud-dba.dev.flodb.link., test-mongod-mgnd-03.cloud-dba.dev.flodb.link., A, 10.180.46.72, true
dev-flo, qa.create-flo.com., _3b43e9bfe8c68c6ee1bb916afa131efc.qa.create-flo.com., CNAME, _1fadea65637411beda787f0835dbdb9e.tjztrygkxr.acm-validations.aws., true
dev-flo, qa.create-flo.com., _799bfb7d073cccc2af19d1c3b3c92f5a.qa.create-flo.com., CNAME, _3a6e55f43208f783ec8b3a87bac4ffdb.tjztrygkxr.acm-validations.aws., true
dev-flo, mcp-eks.dev.music-flo.com., _85914b33943ae9181f3c69390de40e40.mcp-eks.dev.music-flo.com., CNAME, _dc7f40c0e779a9bdf2898037f01a0ef3.mhbtsbpdnt.acm-validations.aws., true
dev-flo, qa01.flodb.link., flo-mgo-01.qa01.flodb.link., A, 10.190.253.90, true
dev-flo, qa01.flodb.link., flo-mgo-02.qa01.flodb.link., A, 10.190.254.63, true
dev-flo, qa01.flodb.link., flo-mgo-03.qa01.flodb.link., A, 10.190.255.190, true
dev-flo, qa01.flodb.link., flo-mgo-test.qa01.flodb.link., A, 10.190.253.68, true
dev-flo, qa01.flodb.link., mcp-my.qa01.flodb.link., CNAME, qa01-flo-up.cluster-cvzu2tknt0xt.ap-northeast-2.rds.amazonaws.com, true
dev-flo, qa01.flodb.link., ro.mcp-my.qa01.flodb.link., CNAME, qa01-flo-up.cluster-ro-cvzu2tknt0xt.ap-northeast-2.rds.amazonaws.com, true
dev-flo, qa01.flodb.link., mmate-my.qa01.flodb.link., CNAME, qa01-flo-up.cluster-cvzu2tknt0xt.ap-northeast-2.rds.amazonaws.com, true
dev-flo, qa01.flodb.link., ro.mmate-my.qa01.flodb.link., CNAME, qa01-flo-up.cluster-ro-cvzu2tknt0xt.ap-northeast-2.rds.amazonaws.com, true
dev-flo, qa01.flodb.link., mmatearc-my.qa01.flodb.link., CNAME, qa01-flo-up.cluster-cvzu2tknt0xt.ap-northeast-2.rds.amazonaws.com, true
dev-flo, qa01.flodb.link., ro.mmatearc-my.qa01.flodb.link., CNAME, qa01-flo-up.cluster-ro-cvzu2tknt0xt.ap-northeast-2.rds.amazonaws.com, true
dev-flo, qa01.flodb.link., mmatelog-my.qa01.flodb.link., CNAME, qa01-flo-up.cluster-cvzu2tknt0xt.ap-northeast-2.rds.amazonaws.com, true
dev-flo, qa01.flodb.link., ro.mmatelog-my.qa01.flodb.link., CNAME, qa01-flo-up.cluster-ro-cvzu2tknt0xt.ap-northeast-2.rds.amazonaws.com, true
dev-flo, qa01.flodb.link., nearline-mgo.qa01.flodb.link., A, 10.190.253.27, true
dev-flo, qa01.flodb.link., qa01-mgnd-mongo-up-01.qa01.flodb.link., A, 10.190.253.214, true
dev-flo, qa01.flodb.link., qa01-mgnd-mongo-up-02.qa01.flodb.link., A, 10.190.255.73, true
dev-flo, qa01.flodb.link., service-dreamus-my.qa01.flodb.link., CNAME, qa01-service-dreamus-up.cluster-cvzu2tknt0xt.ap-northeast-2.rds.amazonaws.com, true
dev-flo, qa01.flodb.link., ro.service-dreamus-my.qa01.flodb.link., CNAME, qa01-service-dreamus-up.cluster-ro-cvzu2tknt0xt.ap-northeast-2.rds.amazonaws.com, true
dev-flo, qa01.flodb.link., support-mgo.qa01.flodb.link., A, 10.190.253.27, true
dev-flo, qa01.music-flo.io., _ef9927dde7bc0c3284f2e1c07a4393c3.qa01.music-flo.io., CNAME, _e01d1ca6976357753f6a9784c5e9a2b8.fyfbssdptv.acm-validations.aws., true
dev-flo, qa01.music-flo.io., _ba52b9b69c7eb2ca72846264d3ae55ba.api.qa01.music-flo.io., CNAME, _580a00e36c3d76ac737f2567dce67e91.hsmgrxbjqd.acm-validations.aws., true
dev-flo, qa01.music-flo.io., backend.qa01.music-flo.io., A, 10.190.112.6, true
dev-flo, qa01.music-flo.io., flo-search.qa01.music-flo.io., CNAME, vpc-flo-search-dev-qa-4hnabhdytpwlzo3ytbzi6hr6iq.ap-northeast-2.es.amazonaws.com, true
dev-flo, qa.flo-car.link., _71b3f9bb69ec11de7bc5b71c83c4232b.qa.flo-car.link., CNAME, _512d5a2726d0a26a51cacb63d94122e8.tfmgdnztqk.acm-validations.aws., true
dev-flo, qa.flo-car.link., _febb92ff198f946be9277d1e2ffc3b28.qa.flo-car.link., CNAME, _d93415e09466f47863f658070e0f119e.xlfgrmvvlj.acm-validations.aws., true
dreamusaws001, dreamuscompany.com., _4603c7f3e00d32143cbab120db3a24f2.dreamuscompany.com., CNAME, _5e662baaa9490e597b66a26461e319fa.bwlshdtstt.acm-validations.aws., true
dreamusaws001, dreamuscompany.com., _76f13daf3040df96c76ffda1530ce576.dreamuscompany.com., CNAME, _2b7b65f8faf580b3d364f0405fc2aefa.ghcgkbmxjw.acm-validations.aws., true
dreamusaws001, dreamuscompany.com., _f676eee68a06c7dfe2e8c90ad0cbaba7.dreamuscompany.com., CNAME, _9558f5f86be9ca5dc25695ccde42325d.mrhcxwpsky.acm-validations.aws., true
dreamusaws001, dreamuscompany.com., _fbbf96a3d0d709d946536eb165a6951d.dreamuscompany.com., CNAME, _4b452bb73dc3ce5f1869f71f91bdcc68.duyqrilejt.acm-validations.aws., true
dreamusaws001, dreamuscompany.com., autodiscover.dreamuscompany.com., A, 1.226.141.151, true
dreamusaws001, dreamuscompany.com., _76f13daf3040df96c76ffda1530ce576.dev.dreamuscompany.com., CNAME, _2b7b65f8faf580b3d364f0405fc2aefa.ghcgkbmxjw.acm-validations.aws., true
dreamusaws001, dreamuscompany.com., _f98714294fe7debbf3956bcd841e8c93.dev.dreamuscompany.com., CNAME, _8ef8113df0edc3c8794e8aba5ee4a224.dbspspvlns.acm-validations.aws., true
dreamusaws001, dreamuscompany.com., legacy.dreamuscompany.com., A, 1.226.141.151, true
dreamusaws001, dreamuscompany.com., mail.dreamuscompany.com., A, 1.226.141.151, true
dreamusaws001, dreamuscompany.com., _42f3c84dcc98c3a7141e91dd04c4a588.mail.dreamuscompany.com., CNAME, 0308C74B836AC4A31D72EAA5179B64CE.47DC1791E5037BF2E7628755076E942A.comodoca.com., true
dreamusaws001, dreamuscompany.com., _28ea97bf6ddf43187dc675d0d5a66569.qa.dreamuscompany.com., CNAME, _d25746af4ed702b62ec3eb2afff5330d.dnzkjbsjxj.acm-validations.aws., true
dreamusaws001, dreamuscompany.com., _be231b7eac8881a69aa28e18e18c8ce0.qa.dreamuscompany.com., CNAME, _a09120a5fcf21f502cc73d2515546501.cvxnfrzvtq.acm-validations.aws., true
dreamusaws001, dreamuscompany.com., spam.dreamuscompany.com., A, 1.226.141.100, true
dreamusaws001, dreamus.io., _6aa6e6db335ff2ae031c0e1698074a7e.dreamus.io., CNAME, _1ab9d519b49de6a593e5437bd2c3d6e8.kirrbxfjtw.acm-validations.aws., true
dreamusaws001, dreamus.io., _959ab6cbc758477d4f5423a4dd6bf2ea.dreamus.io., CNAME, AC8C2C0BED3D90B1A33F08EDB71D643F.1DCCD6C64199AD7432D3C7671696D543.comodoca.com., true
dreamusaws001, dreamus.io., _b8cb4dda0ada4ece0d800126f910f5ba.dreamus.io., CNAME, _0949916cfffd558a8f7bc1e690ff0432.mhbtsbpdnt.acm-validations.aws., true
dreamusaws001, dreamus.io., _c58545c9d4f08ec6497d22f0d9a1ded9.dreamus.io., CNAME, _a5616213dc9148bd0d477ac556f2a952.tfmgdnztqk.acm-validations.aws., true
dreamusaws001, dreamus.io., 5snvl2bd4nmuskxev6qznldqcvv6n3gt._domainkey.dreamus.io., CNAME, 5snvl2bd4nmuskxev6qznldqcvv6n3gt.dkim.amazonses.com, true
dreamusaws001, dreamus.io., iezu7hyyzs2wdpqeirfmuydk3qt4pzii._domainkey.dreamus.io., CNAME, iezu7hyyzs2wdpqeirfmuydk3qt4pzii.dkim.amazonses.com, true
dreamusaws001, dreamus.io., rdgwobabmv3xl2abyc4xb633xnhh7wdo._domainkey.dreamus.io., CNAME, rdgwobabmv3xl2abyc4xb633xnhh7wdo.dkim.amazonses.com, true
dreamusaws001, dreamus.io., stb._domainkey.dreamus.io., CNAME, dkim.stibee.com, true
dreamusaws001, dreamus.io., _f72ebdeeb798b9e481cde51e71fecb97.dreamus.io., CNAME, _65677d20b27cc23153fb7389554d4d75.nhqijqilxf.acm-validations.aws., true
dreamusaws001, dreamus.io., account.dreamus.io., CNAME, dualstack.internal-export-ctrl-dreamus-io-408648751.ap-northeast-2.elb.amazonaws.com., true
dreamusaws001, dreamus.io., cal.dreamus.io., CNAME, ghs.googlehosted.com, true
dreamusaws001, dreamus.io., _b573e6fbe1e73cb473b53761df9de95c.dev.dreamus.io., CNAME, _64787b1b7c04c58ed89d70539acb7531.nfyddsqlcy.acm-validations.aws., true
dreamusaws001, dreamus.io., drive.dreamus.io., CNAME, ghs.googlehosted.com, true
dreamusaws001, dreamus.io., hr.dreamus.io., A, 10.1.10.140, true
dreamusaws001, dreamus.io., imon.dreamus.io., A, 10.1.10.48, true
dreamusaws001, dreamus.io., mail.dreamus.io., CNAME, ghs.googlehosted.com, true
dreamusaws001, dreamus.io., mgw.dreamus.io., A, 1.226.141.120, true
dreamusaws001, dreamus.io., nac.dreamus.io., A, 10.0.11.48, true
dreamusaws001, dreamus.io., ota-qa.dreamus.io., CNAME, internal-dreamus-io-30845146.ap-northeast-2.elb.amazonaws.com, false
dreamusaws001, dreamus.io., _28fa6757333cdc364e57999010056837.qa01.dreamus.io., CNAME, _13413a0037690b23391b5832c5b54d32.mhbtsbpdnt.acm-validations.aws., true
dreamusaws001, dreamus.io., sase.dreamus.io., CNAME, sase-dreamus.gpcloudservice.com, true
dreamusaws001, dreamus.io., site.dreamus.io., CNAME, ghs.googlehosted.com, true
dreamusaws001, dreamus.io., sw.dreamus.io., A, 1.234.35.195, true
dreamusaws001, dreamus.io., _f2fad0ed4483279fe9c0f220c5c22751.test.dreamus.io., CNAME, _a3461832a42c7dcd46fc66a6b6a6ef60.nhqijqilxf.acm-validations.aws., true
dreamusaws001, dreamus.io., vpn.dreamus.io., A, 1.226.141.15, true
dreamusaws001, dev.dreamusdb.link., mds-my.dev.dreamusdb.link., CNAME, dev-mds.cluster-cvzu2tknt0xt.ap-northeast-2.rds.amazonaws.com, true
dreamusaws001, dev.dreamusdb.link., ro.mds-my.dev.dreamusdb.link., CNAME, dev-mds.cluster-ro-cvzu2tknt0xt.ap-northeast-2.rds.amazonaws.com, true
dreamusaws001, dev.dreamusdb.link., reco-dept-my.dev.dreamusdb.link., CNAME, dev-dreamus.cluster-cy4artogqinj.ap-northeast-2.rds.amazonaws.com, true
dreamusaws001, dev.dreamusdb.link., solution-dreamus-my.dev.dreamusdb.link., CNAME, dev-dreamus.cluster-cy4artogqinj.ap-northeast-2.rds.amazonaws.com, true
dreamusaws001, dev.dreamusdb.link., ro.solution-dreamus-my.dev.dreamusdb.link., CNAME, dev-dreamus.cluster-ro-cy4artogqinj.ap-northeast-2.rds.amazonaws.com, true
dreamusaws001, prod.dreamusdb.link., mds-my.prod.dreamusdb.link., CNAME, prod-mds.cluster-crbdsqpcye01.ap-northeast-2.rds.amazonaws.com, true
dreamusaws001, prod.dreamusdb.link., ro.mds-my.prod.dreamusdb.link., CNAME, prod-mds.cluster-ro-crbdsqpcye01.ap-northeast-2.rds.amazonaws.com, true
dreamusaws001, prod.dreamusdb.link., prod-dreamus-my.prod.dreamusdb.link., CNAME, prod-dreamus-up.cluster-cy4artogqinj.ap-northeast-2.rds.amazonaws.com, true
dreamusaws001, prod.dreamusdb.link., ro.prod-dreamus-my.prod.dreamusdb.link., CNAME, prod-dreamus-up.cluster-ro-cy4artogqinj.ap-northeast-2.rds.amazonaws.com, true
dreamusaws001, prod.dreamusdb.link., reco-dept-my.prod.dreamusdb.link., CNAME, prod-dreamus-up.cluster-cy4artogqinj.ap-northeast-2.rds.amazonaws.com, true
dreamusaws001, prod.dreamusdb.link., ro.reco-dept-my.prod.dreamusdb.link., CNAME, prod-dreamus-up.cluster-ro-cy4artogqinj.ap-northeast-2.rds.amazonaws.com, true
dreamusaws001, prod.dreamusdb.link., web-bastion-pg.prod.dreamusdb.link., CNAME, bastion.cy4artogqinj.ap-northeast-2.rds.amazonaws.com, true
dreamusaws001, qa.dreamusdb.link., dreamus-my.qa.dreamusdb.link., CNAME, qa01-dreamus.cluster-cy4artogqinj.ap-northeast-2.rds.amazonaws.com, true
dreamusaws001, qa.dreamusdb.link., ro.dreamus-my.qa.dreamusdb.link., CNAME, qa01-dreamus.cluster-ro-cy4artogqinj.ap-northeast-2.rds.amazonaws.com, true
dreamusaws001, qa.dreamusdb.link., mds-my.qa.dreamusdb.link., CNAME, qa-mds.cluster-cvzu2tknt0xt.ap-northeast-2.rds.amazonaws.com, true
dreamusaws001, qa.dreamusdb.link., ro.mds-my.qa.dreamusdb.link., CNAME, qa-mds.cluster-ro-cvzu2tknt0xt.ap-northeast-2.rds.amazonaws.com, true
flo-data, data.music-flo.io., _c7f632b3b9250065e85877430cd707fc.data.music-flo.io., CNAME, _99a5b31aef56f3b9a47fa674632ee8f1.kzhndfqvzk.acm-validations.aws., true
flo-data, data.music-flo.io., redis.cache.data.music-flo.io., CNAME, redis-cache-data-music-flo-io.5ns0il.clustercfg.apn2.cache.amazonaws.com, true
flo-deploy, mgmt.music-flo.io., _a3dbb7f4c0cdc3cb704b737630c20c5f.mgmt.music-flo.io., CNAME, _4dd933195ac56a027e5b38dcb4f9c809.hnyhpvdqhv.acm-validations.aws., true
flo-deploy, mgmt.music-flo.io., mongo-ops-manager-01.mgmt.music-flo.io., A, 10.180.226.106, true
flo-deploy, mgmt.music-flo.io., mongo-ops-manager-02.mgmt.music-flo.io., A, 10.180.228.100, true
flo-deploy, mgmt.music-flo.io., mongo-ops-manager-03.mgmt.music-flo.io., A, 10.180.227.195, true
flo-deploy, deploy.music-flo.io., db.deploy.music-flo.io., CNAME, prod-infra-dreamus-up.cluster-chix9jzlaajz.ap-northeast-2.rds.amazonaws.com, true
flo-deploy, deploy.music-flo.io., infra-dreamus-my-dev.deploy.music-flo.io., CNAME, dev-infra-dreamus.cluster-chix9jzlaajz.ap-northeast-2.rds.amazonaws.com, true
flo-deploy, deploy.music-flo.io., ro.infra-dreamus-my-dev.deploy.music-flo.io., CNAME, dev-infra-dreamus.cluster-ro-chix9jzlaajz.ap-northeast-2.rds.amazonaws.com, true
flo-deploy, mgmt.dreamusdb.link., dependency-track-pg.mgmt.dreamusdb.link., CNAME, dependency-track.chix9jzlaajz.ap-northeast-2.rds.amazonaws.com, true
flo-deploy, mgmt.dreamusdb.link., deploy-my.mgmt.dreamusdb.link., CNAME, prod-infra-dreamus-up.cluster-chix9jzlaajz.ap-northeast-2.rds.amazonaws.com, true
flo-deploy, mgmt.dreamusdb.link., ro.deploy-my.mgmt.dreamusdb.link., CNAME, prod-infra-dreamus-up.cluster-ro-chix9jzlaajz.ap-northeast-2.rds.amazonaws.com, true
flo-deploy, mgmt.dev.music-flo.io., _523882aa93dace5bea6c30ed56681a9d.mgmt.dev.music-flo.io., CNAME, _9bd030310582c13210afa4940c7d3f95.mhbtsbpdnt.acm-validations.aws., true
flo-deploy, infra.dev.music-flo.io., _ff1a33a673fff59b960e882d332a0970.infra.dev.music-flo.io., CNAME, _3d89333753d9df9f0cf3009e3934df0e.mhbtsbpdnt.acm-validations.aws., true
flo-deploy, infra.dev.music-flo.io., test-juliet-al2023.infra.dev.music-flo.io., A, 10.180.234.39, true
flo-deploy, infra.music-flo.io., _8c75782a929ebffeb8f7e9ec4ba6b328.infra.music-flo.io., CNAME, _d74ff5bb7881ea5f57b3fd3c307ee565.olprtlswtu.acm-validations.aws., true
flo-deploy, infra.music-flo.io., _eb3fa7191dee9c9f57c34f48de64fe51.infra.music-flo.io., CNAME, _0a609ce13cce6a856fa70a328a51545c.tfmgdnztqk.acm-validations.aws., true
flo-deploy, infra.music-flo.io., a-kafka01-test.infra.music-flo.io., A, 10.180.234.29, true
flo-deploy, infra.music-flo.io., a-kafka01.infra.music-flo.io., A, 10.180.226.85, true
flo-deploy, infra.music-flo.io., a-kafka02.infra.music-flo.io., A, 10.180.226.31, true
flo-deploy, infra.music-flo.io., a-kafka03.infra.music-flo.io., A, 10.180.226.150, true
flo-deploy, infra.music-flo.io., a-zk01.infra.music-flo.io., A, 10.180.226.144, true
flo-deploy, infra.music-flo.io., b-kafka01-test.infra.music-flo.io., A, 10.180.235.224, true
flo-deploy, infra.music-flo.io., b-kafka01.infra.music-flo.io., A, 10.180.227.203, true
flo-deploy, infra.music-flo.io., b-kafka02.infra.music-flo.io., A, 10.180.227.249, true
flo-deploy, infra.music-flo.io., b-kafka03.infra.music-flo.io., A, 10.180.227.107, true
flo-deploy, infra.music-flo.io., b-zk01.infra.music-flo.io., A, 10.180.227.52, true
flo-deploy, infra.music-flo.io., c-kafka01-test.infra.music-flo.io., A, 10.180.236.45, true
flo-deploy, infra.music-flo.io., c-kafka01.infra.music-flo.io., A, 10.180.228.90, true
flo-deploy, infra.music-flo.io., c-kafka02.infra.music-flo.io., A, 10.180.228.42, true
flo-deploy, infra.music-flo.io., c-kafka03.infra.music-flo.io., A, 10.180.228.43, true
flo-deploy, infra.music-flo.io., c-zk01.infra.music-flo.io., A, 10.180.228.135, true
flo-deploy, infra.music-flo.io., _4acee7cd40a0930ecd9ef1c099881cfd.log.infra.music-flo.io., CNAME, _4d876a5ba0162482ca7291705cb19898.bkngfjypgb.acm-validations.aws., true
flo-deploy, infra.music-flo.io., _e9b669dd7e66880ea66f801b39bb654c.log.infra.music-flo.io., CNAME, _30bfc24c81ba2875990d7e280cdbb89c.mzlfeqexyx.acm-validations.aws., true
flo-deploy, infra.music-flo.io., _d03fe978f6d20df52b7fd293b82110cd.alpha.log.infra.music-flo.io., CNAME, _2486442d807673f3035b04112faa67f0.dqxlbvzbzt.acm-validations.aws., true
flo-deploy, infra.music-flo.io., _74d73325333de4b920000b1e8a8a62e3.dev.log.infra.music-flo.io., CNAME, _968014d979c4b64be1738acc60d3c03f.mzlfeqexyx.acm-validations.aws., true
flo-deploy, infra.music-flo.io., _c106fd924a76b58660165392dd27c0a5.qa.log.infra.music-flo.io., CNAME, _82e37fdc168818b30d02b5bc9d1bbf4e.yygwskclfy.acm-validations.aws., true
flo-deploy, infra.music-flo.io., _7743339d046833ff1ac449b55e92dfa0.qa01.log.infra.music-flo.io., CNAME, _4ccfbdd3d1710b4063b53be478f9030c.cvxnfrzvtq.acm-validations.aws., true
flo-deploy, infra.music-flo.io., _161584ead4a291aaa60ba85570b1686f.stg.log.infra.music-flo.io., CNAME, _7529bf714ffcec687571fc4b3ee1888c.dqxlbvzbzt.acm-validations.aws., true
flo-deploy, infra.music-flo.io., _3fc1d9a7f897c48ae1ebb045e060466f.stg.log.infra.music-flo.io., CNAME, _b6f6dbab01e47ec8ce4cb388bb7fc0ae.mzlfeqexyx.acm-validations.aws., true
flo-deploy, infra.music-flo.io., meta-db.infra.music-flo.io., A, 10.180.228.165, true
flo-deploy, infra.music-flo.io., opensearch.infra.music-flo.io., CNAME, vpc-metric-monitoring-tjfoxxuxqncnyies5kabznkamu.ap-northeast-2.es.amazonaws.com, true
flo-deploy, infra.music-flo.io., pmm-ec2.infra.music-flo.io., A, 10.180.226.220, true
flo-deploy, infra.music-flo.io., prometheus.infra.music-flo.io., A, 10.180.227.157, true
flo-production, alpha.music-flo.com., _0d8ffbb9193c0af730d47a2d2d645a99.alpha.music-flo.com., CNAME, _e1f73108adf8c2cf7882e68cb85586b6.bwfqbhlrkg.acm-validations.aws., true
flo-production, alpha.music-flo.com., _9678fe8d8bb7ac8179ac96b51cc822b0.alpha.music-flo.com., CNAME, _a945251706fa870689f8eab56c4f415a.nhsllhhtvj.acm-validations.aws., true
flo-production, prod.music-flo.com., _1bfd0c247aec3a1c989d35ff98861ca8.prod.music-flo.com., CNAME, _93daa787d7ce3814a827a4f8699508f6.rdnyqppgxp.acm-validations.aws., true
flo-production, prod.music-flo.com., _95374de5de97465cfe5fe792d708a487.prod.music-flo.com., CNAME, _3678e9d3618cc2f1179a05a07832a992.bdvkfdzfbg.acm-validations.aws., true
flo-production, prod.music-flo.com., mcp-mds.cache.prod.music-flo.com., CNAME, mcp-mds-cache-prod-music-flo-com.nbqywf.ng.0001.apn2.cache.amazonaws.com, true
flo-production, prod.music-flo.com., ro.mcp-mds.cache.prod.music-flo.com., CNAME, mcp-mds-cache-prod-music-flo-com-ro.nbqywf.ng.0001.apn2.cache.amazonaws.com, true
flo-production, prod.music-flo.com., mcp-service.cache.prod.music-flo.com., CNAME, mcp-service-cache-prod-music-flo-com.nbqywf.clustercfg.apn2.cache.amazonaws.com, true
flo-production, prod.music-flo.com., mcp.cache.prod.music-flo.com., CNAME, mcp-cache-music-flo-com.nbqywf.ng.0001.apn2.cache.amazonaws.com, true
flo-production, prod.music-flo.com., ro.mcp.cache.prod.music-flo.com., CNAME, mcp-cache-music-flo-com-ro.nbqywf.ng.0001.apn2.cache.amazonaws.com, true
flo-production, prod.music-flo.com., pri-mcp-redis-01.cache.prod.music-flo.com., A, 10.180.37.94, true
flo-production, prod.music-flo.com., pri-mcp-redis-02.cache.prod.music-flo.com., A, 10.180.39.80, true
flo-production, prod.music-flo.com., pri-mcp-redis-03.cache.prod.music-flo.com., A, 10.180.41.85, true
flo-production, prod.music-flo.com., pri-mcp-redis-cluster-01.cache.prod.music-flo.com., A, 10.1.22.183, true
flo-production, prod.music-flo.com., pri-mcp-redis-cluster-02.cache.prod.music-flo.com., A, 10.1.22.184, true
flo-production, prod.music-flo.com., pri-mcp-redis-cluster-03.cache.prod.music-flo.com., A, 10.1.22.186, true
flo-production, prod.music-flo.com., redis.cache.prod.music-flo.com., CNAME, redis-cache-prod-music-flo-com.nbqywf.clustercfg.apn2.cache.amazonaws.com, true
flo-production, prod.music-flo.com., _fd320ac1a83e8a28853396434056cacb.cmsflo.prod.music-flo.com., CNAME, _656ec541bdcfced620550f8551faa6ad.xlfgrmvvlj.acm-validations.aws., true
flo-production, prod.music-flo.com., kafka-01.prod.music-flo.com., A, 10.180.36.140, true
flo-production, prod.music-flo.com., kafka-02.prod.music-flo.com., A, 10.180.39.36, true
flo-production, prod.music-flo.com., kafka-03.prod.music-flo.com., A, 10.180.40.47, true
flo-production, prod.music-flo.com., kafka-04.prod.music-flo.com., A, 10.180.36.106, true
flo-production, prod.music-flo.com., kafka-05.prod.music-flo.com., A, 10.180.40.224, true
flo-production, prod.music-flo.com., mcp-nfs-data.prod.music-flo.com., CNAME, fs-07b9b29534599a616.efs.ap-northeast-2.amazonaws.com, true
flo-production, prod.music-flo.com., nfs.prod.music-flo.com., CNAME, fs-084374ce69f336703.efs.ap-northeast-2.amazonaws.com, true
flo-production, prod.music-flo.com., pri-mcp-redis-stat-clst.prod.music-flo.com., A, 10.1.22.183, true
flo-production, prod.music-flo.com., pri-mcp-zk-01.prod.music-flo.com., A, 10.180.37.125, true
flo-production, prod.music-flo.com., pri-mcp-zk-02.prod.music-flo.com., A, 10.180.39.228, true
flo-production, prod.music-flo.com., pri-mcp-zk-03.prod.music-flo.com., A, 10.180.41.47, true
flo-production, music-flo.com., _857975ec38db0cd4515c697db342a5d9.music-flo.com., CNAME, _b6b7ff9bb6abad3582dd42698999cffd.bdvkfdzfbg.acm-validations.aws., true
flo-production, music-flo.com., _8835c716252c75cfd0892fb115f7bf11.music-flo.com., CNAME, _7c6885a122a4f0f3f2cf86f105f5fda3.bxmgrlxjqk.acm-validations.aws., true
flo-production, music-flo.com., _d7f945d4f0efe7fe5fbdcd6b13c6521c.music-flo.com., CNAME, _ecc2b739a87df5bfffc453b8d0622474.yssrbzrnkq.acm-validations.aws., true
flo-production, music-flo.com., apollo-cdn.music-flo.com., CNAME, apollo-cdn2.music-flo.dlacc.skcdn.com, true
flo-production, music-flo.com., apollo-hls.music-flo.com., CNAME, apollo-hls2.music-flo.dlacc.skcdn.com, true
flo-production, music-flo.com., apollo-hpd.music-flo.com., CNAME, apollo-hpd2.music-flo.dlacc.skcdn.com, true
flo-production, music-flo.com., apollo-vhls.music-flo.com., CNAME, apollo-vhls2.music-flo.dlacc.skcdn.com, true
flo-production, music-flo.com., cdn.music-flo.com., CNAME, image-music-flo.dlacc.skcdn.com., true
flo-production, music-flo.com., cdn2.music-flo.com., CNAME, cdn2.music-flo.dlacc.skcdn.com., true
flo-production, music-flo.com., _07236fe87c04dc98e23b48986296aaac.cmsflo.music-flo.com., CNAME, _a7f889419759273fd1a2b9cfed1fc702.xlfgrmvvlj.acm-validations.aws., true
flo-production, music-flo.com., hls.music-flo.com., CNAME, auth-music-flo.dlacc.skcdn.com., true
flo-production, music-flo.com., hls2.music-flo.com., CNAME, hls2.music-flo.dlacc.skcdn.com., true
flo-production, music-flo.com., hpd.music-flo.com., CNAME, music-flo.dlacc.skcdn.com., true
flo-production, music-flo.com., hpd2.music-flo.com., CNAME, hpd2.music-flo.dlacc.skcdn.com., true
flo-production, music-flo.com., mds-cdn.music-flo.com., CNAME, mds-cdn.music-flo.dlacc.skcdn.com., true
flo-production, music-flo.com., mff.music-flo.com., CNAME, d21q2zab2c655q.cloudfront.net, true
flo-production, music-flo.com., _f4b0d8c09df12ddbe60f7da598fb9e45.mff.music-flo.com., CNAME, _961220cd87097cd852a234ff1d5b231a.sdgjtdhdhz.acm-validations.aws., true
flo-production, music-flo.com., reco-hook.music-flo.com., A, 10.180.37.21, true
flo-production, alpha.create-flo.com., _a3f083469dbe4bd695072ee4459810c1.alpha.create-flo.com., CNAME, _596e973eb32e24589e11db3c4a65e893.yzdtlljtvc.acm-validations.aws., true
flo-production, prod99.music-flo.com., _66fd3d6ebe6044641c59c7b638cdf69c.prod99.music-flo.com., CNAME, _5127cfd129a20a8ec65073625b03800f.xlfgrmvvlj.acm-validations.aws., true
flo-production, prod99.music-flo.com., _95210d9fbc0d7fa9303c338f04c005b9.prod99.music-flo.com., CNAME, _8db6f867478ab9e4355129fd2ec0c311.xlfgrmvvlj.acm-validations.aws., true
flo-production, prod.music-flo.io., _da5e09e44e011811d8558a0db04e9426.prod.music-flo.io., CNAME, _951a720707cb33a4596ab2ef72f9f3aa.bsgbmzkfwj.acm-validations.aws., true
flo-production, prod.music-flo.io., _0a8d6261c801e2422864bac9656ff5f7.emr-mon.prod.music-flo.io., CNAME, _2c1a9f5c985cb57530fd3f80e0d42c40.dqxlbvzbzt.acm-validations.aws., true
flo-production, test.flodb.link., test-dba-mgo-01.test.flodb.link., A, 10.180.45.53, true
flo-production, test.flodb.link., test-dba-mgo-02.test.flodb.link., A, 10.180.45.196, true
flo-production, test.flodb.link., test-dba-mgo-03.test.flodb.link., A, 10.180.46.48, true
flo-production, test.flodb.link., test-dba-mgod-01.test.flodb.link., A, 10.180.45.93, true
flo-production, test.flodb.link., test-dba-mgod-02.test.flodb.link., A, 10.180.45.205, true
flo-production, test.flodb.link., test-dba-mgod-03.test.flodb.link., A, 10.180.46.75, true
flo-production, test.flodb.link., test-dba-mgod-04.test.flodb.link., A, 10.180.45.102, true
flo-production, test.flodb.link., test-dba-mgod-05.test.flodb.link., A, 10.180.45.173, true
flo-production, test.flodb.link., test-dba-mgod-06.test.flodb.link., A, 10.180.46.54, true
flo-production, test.flodb.link., test-dba-mgod-07.test.flodb.link., A, 10.180.45.41, true
flo-production, test.flodb.link., test-dba-mgod-08.test.flodb.link., A, 10.180.45.230, true
flo-production, test.flodb.link., test-dba-mgod-09.test.flodb.link., A, 10.180.46.90, true
flo-production, test.flodb.link., test-dba-mgod-10.test.flodb.link., A, 10.180.45.89, true
flo-production, test.flodb.link., test-dba-mgod-11.test.flodb.link., A, 10.180.45.186, true
flo-production, test.flodb.link., test-dba-mgod-12.test.flodb.link., A, 10.180.46.82, true
flo-production, prod.flomuz.io., _088108e8280ab8e9c292a5ad2e70d6f9.prod.flomuz.io., CNAME, _68865bb5ca2a58e3ee4a2a9a4d40cea4.rdnyqppgxp.acm-validations.aws., true
flo-production, prod.flomuz.io., _17f4192435db1520e65f4cf2b282b5fd.prod.flomuz.io., CNAME, _482ab2d3b1c1aef313ce6327d73fcc7c.nhsllhhtvj.acm-validations.aws., true
flo-production, music-flo.io., _02d8787b9c8af4c21124f55c05df8421.music-flo.io., CNAME, _a8ab404155845d7ba262545cfd0f38b4.sggfvksfyf.acm-validations.aws., true
flo-production, music-flo.io., _61b488f4994540e024dd4e371cead04d.music-flo.io., CNAME, _0fbd47eac1fa63ddb27d2e3575f008bf.jfrzftwwjs.acm-validations.aws., true
flo-production, music-flo.io., _bdc3ba6ee6fa715826151251fefd7cc3.music-flo.io., CNAME, _6daabb2a0014d13872a41f319df5ad34.duyqrilejt.acm-validations.aws., true
flo-production, music-flo.io., _6d21f3e7391a684e95cdc19880018d81.api.music-flo.io., CNAME, _2fc1203a387186f2952ea1ac80bab3ba.nhqijqilxf.acm-validations.aws., true
flo-production, music-flo.io., ldap.aws.music-flo.io., A, 10.10.221.75, true
flo-production, music-flo.io., _1e05e06ec3047d44f81dd50e8359bd6e.api.dev.music-flo.io., CNAME, _ca9c79565bb9836881e10e85987b1b7d.jfrzftwwjs.acm-validations.aws., false
flo-production, music-flo.io., flo-image-generation.music-flo.io., A, 10.1.22.181, true
flo-production, music-flo.io., fmon.music-flo.io., A, 10.180.37.21, true
flo-production, music-flo.io., _526efd593b5628b63bbf289167675659.hatta.mcp.music-flo.io., CNAME, _a983c627b703d3ce6168609acf21ded8.mzlfeqexyx.acm-validations.aws., true
flo-production, music-flo.io., emr.7-5.prod.music-flo.io., CNAME, emr.prod.music-flo.io, true
flo-production, music-flo.io., _da5e09e44e011811d8558a0db04e9426.prod.music-flo.io., CNAME, _951a720707cb33a4596ab2ef72f9f3aa.bsgbmzkfwj.acm-validations.aws., true
flo-production, music-flo.io., backend.prod.music-flo.io., A, 10.180.37.213, true
flo-production, music-flo.io., _0a8d6261c801e2422864bac9656ff5f7.emr-mon.prod.music-flo.io., CNAME, _2c1a9f5c985cb57530fd3f80e0d42c40.dqxlbvzbzt.acm-validations.aws., true
flo-production, music-flo.io., emr.prod.music-flo.io., A, 10.180.41.29, true
flo-production, music-flo.io., flo-search.prod.music-flo.io., CNAME, vpc-flo-search-prod-gye2bgaiwh2oaifzwqrimybcra.ap-northeast-2.es.amazonaws.com, true
flo-production, music-flo.io., presto.prod.music-flo.io., A, 10.180.39.229, true
flo-production, music-flo.io., trino.prod.music-flo.io., A, 10.180.38.141, true
flo-production, music-flo.io., squid.music-flo.io., A, 10.10.204.90, true
flo-production, music-flo.io., _5584bd736ae6758f187e6f681814cead.stg.music-flo.io., CNAME, _f19f08c3e48a0cd0eed7e648bd71ab29.zbkrxsrfvj.acm-validations.aws., true
flo-production, music-flo.io., _67022476ebaa2d22848f104cb52305ff.api.stg.music-flo.io., CNAME, _4f8027e8c05cafd39affa29a0e34aaee.nhqijqilxf.acm-validations.aws., true
flo-production, music-flo.io., ldap.test.music-flo.io., A, 10.10.218.106, true
flo-production, flomuz.io., _0eb8a473e10dd9aa63e031c8824e0cf4.flomuz.io., CNAME, _2e6f6711d312650bbdffb30e0f252c19.btkxpdzscj.acm-validations.aws., true
flo-production, stg.music-flo.com., _88cc99e2e203dc0a711ba809a33837a9.stg.music-flo.com., CNAME, _a741cd2b27e3462b9edeb09436a22651.bxmgrlxjqk.acm-validations.aws., true
flo-production, create-flo.com., _2f4cf0adc89a2cb5a9576e30f5ddd18d.create-flo.com., CNAME, _2e501195c85bb44b16e2ad8f143362c0.bpxxncpwjz.acm-validations.aws., true
flo-production, create-flo.com., _bddead5dd96984096ad6bc7659ba07d9.create-flo.com., CNAME, _4f5a715bdc433550784e8bf865754cce.bpxxncpwjz.acm-validations.aws., true
flo-production, create-flo.com., _aeb7e6695410a26f3c5b1e02224caae1.prod.create-flo.com., CNAME, _03be47bbf6ebd44d978695ceb0c05dda.djqtsrsxkq.acm-validations.aws., true
flo-production, alpha.music-flo.io., _2804215d02712a5fd1cc6fdf0323515a.alpha.music-flo.io., CNAME, _2d0ab5079940b3c7863ad887d3690e7b.bwfqbhlrkg.acm-validations.aws., true
flo-production, alpha.music-flo.io., _98c0e5bbc5cc6ea1929225eff715959b.api.alpha.music-flo.io., CNAME, _d3e780ca33530543cc14f4a52054fd9e.bwfqbhlrkg.acm-validations.aws., true
flo-production, prod.flodb.link., digitalcard-my.prod.flodb.link., CNAME, prod-mmate.cluster-crbdsqpcye01.ap-northeast-2.rds.amazonaws.com, true
flo-production, prod.flodb.link., ro.digitalcard-my.prod.flodb.link., CNAME, prod-mmate.cluster-ro-crbdsqpcye01.ap-northeast-2.rds.amazonaws.com, true
flo-production, prod.flodb.link., dreamus-my.prod.flodb.link., CNAME, prod-service-dreamus.cluster-crbdsqpcye01.ap-northeast-2.rds.amazonaws.com, true
flo-production, prod.flodb.link., ro.dreamus-my.prod.flodb.link., CNAME, prod-service-dreamus.cluster-ro-crbdsqpcye01.ap-northeast-2.rds.amazonaws.com, true
flo-production, prod.flodb.link., flo-extract-mgo-01.prod.flodb.link., A, 10.180.45.45, true
flo-production, prod.flodb.link., flo-mgo-01.prod.flodb.link., A, 10.180.45.52, true
flo-production, prod.flodb.link., flo-mgo-02.prod.flodb.link., A, 10.180.45.187, true
flo-production, prod.flodb.link., flo-mgo-03.prod.flodb.link., A, 10.180.46.74, true
flo-production, prod.flodb.link., flo-mgod-01.prod.flodb.link., A, 10.180.45.96, true
flo-production, prod.flodb.link., flo-mgod-02.prod.flodb.link., A, 10.180.45.177, true
flo-production, prod.flodb.link., flo-mgod-03.prod.flodb.link., A, 10.180.46.76, true
flo-production, prod.flodb.link., flo-mgod-04.prod.flodb.link., A, 10.180.45.9, true
flo-production, prod.flodb.link., flo-mgod-05.prod.flodb.link., A, 10.180.45.216, true
flo-production, prod.flodb.link., flo-mgod-06.prod.flodb.link., A, 10.180.46.98, true
flo-production, prod.flodb.link., flo-mgod-07.prod.flodb.link., A, 10.180.45.82, true
flo-production, prod.flodb.link., flo-mgod-08.prod.flodb.link., A, 10.180.45.195, true
flo-production, prod.flodb.link., flo-mgod-09.prod.flodb.link., A, 10.180.46.61, true
flo-production, prod.flodb.link., flo-mgod-10.prod.flodb.link., A, 10.180.45.87, true
flo-production, prod.flodb.link., flo-mgod-11.prod.flodb.link., A, 10.180.45.190, true
flo-production, prod.flodb.link., flo-mgod-12.prod.flodb.link., A, 10.180.46.85, true
flo-production, prod.flodb.link., mcp-mgo-01.prod.flodb.link., A, 10.180.45.31, true
flo-production, prod.flodb.link., mcp-mgo-02.prod.flodb.link., A, 10.180.45.194, true
flo-production, prod.flodb.link., mcp-mgo-03.prod.flodb.link., A, 10.180.46.118, true
flo-production, prod.flodb.link., mcp-my.prod.flodb.link., CNAME, prod-mcp.cluster-crbdsqpcye01.ap-northeast-2.rds.amazonaws.com, true
flo-production, prod.flodb.link., extract.mcp-my.prod.flodb.link., CNAME, prod-mcp-extract.cluster-ro-crbdsqpcye01.ap-northeast-2.rds.amazonaws.com, true
flo-production, prod.flodb.link., ro.mcp-my.prod.flodb.link., CNAME, prod-mcp.cluster-ro-crbdsqpcye01.ap-northeast-2.rds.amazonaws.com, true
flo-production, prod.flodb.link., mmate-my.prod.flodb.link., CNAME, prod-mmate.cluster-crbdsqpcye01.ap-northeast-2.rds.amazonaws.com, true
flo-production, prod.flodb.link., extract.mmate-my.prod.flodb.link., CNAME, prod-mmate-extract.cluster-ro-crbdsqpcye01.ap-northeast-2.rds.amazonaws.com, true
flo-production, prod.flodb.link., ro.mmate-my.prod.flodb.link., CNAME, prod-mmate.cluster-ro-crbdsqpcye01.ap-northeast-2.rds.amazonaws.com, true
flo-production, prod.flodb.link., mmatearc-my.prod.flodb.link., CNAME, prod-mmate-arc.cluster-crbdsqpcye01.ap-northeast-2.rds.amazonaws.com, true
flo-production, prod.flodb.link., ro.mmatearc-my.prod.flodb.link., CNAME, prod-mmate-arc.cluster-ro-crbdsqpcye01.ap-northeast-2.rds.amazonaws.com, true
flo-production, prod.flodb.link., mmatelog-my.prod.flodb.link., CNAME, prod-mmate-arc.cluster-crbdsqpcye01.ap-northeast-2.rds.amazonaws.com, true
flo-production, prod.flodb.link., ro.mmatelog-my.prod.flodb.link., CNAME, prod-mmate-arc.cluster-ro-crbdsqpcye01.ap-northeast-2.rds.amazonaws.com, true
flo-production, prod.flodb.link., nearline-mgo-01.prod.flodb.link., A, 10.180.45.70, true
flo-production, prod.flodb.link., nearline-mgo-02.prod.flodb.link., A, 10.180.45.179, true
flo-production, prod.flodb.link., nearline-mgo-03.prod.flodb.link., A, 10.180.46.73, true
flo-production, prod.flodb.link., nearline-mgod-01.prod.flodb.link., A, 10.180.45.25, true
flo-production, prod.flodb.link., nearline-mgod-02.prod.flodb.link., A, 10.180.45.140, true
flo-production, prod.flodb.link., nearline-mgod-03.prod.flodb.link., A, 10.180.46.52, true
flo-production, prod.flodb.link., ota-my.prod.flodb.link., CNAME, prod-mmate.cluster-crbdsqpcye01.ap-northeast-2.rds.amazonaws.com, true
flo-production, prod.flodb.link., ro.ota-my.prod.flodb.link., CNAME, prod-mmate.cluster-ro-crbdsqpcye01.ap-northeast-2.rds.amazonaws.com, true
flo-production, prod.flodb.link., ota.prod.flodb.link., CNAME, prod-mmate.cluster-crbdsqpcye01.ap-northeast-2.rds.amazonaws.com, true
flo-production, prod.flodb.link., prod-nearline-mongod-01.prod.flodb.link., A, 10.180.45.25, true
flo-production, prod.flodb.link., prod-nearline-mongod-02.prod.flodb.link., A, 10.180.45.140, true
flo-production, prod.flodb.link., prod-nearline-mongod-03.prod.flodb.link., A, 10.180.46.52, true
flo-production, prod.flodb.link., prod-seldb.prod.flodb.link., A, 10.180.45.63, true
flo-production, prod.flodb.link., support-mgo-01.prod.flodb.link., A, 10.180.45.70, true
flo-production, prod.flodb.link., support-mgo-02.prod.flodb.link., A, 10.180.45.179, true
flo-production, prod.flodb.link., support-mgo-03.prod.flodb.link., A, 10.180.46.73, true
flo-production, prod.flodb.link., support-mgod-01.prod.flodb.link., A, 10.180.45.25, true
flo-production, prod.flodb.link., support-mgod-02.prod.flodb.link., A, 10.180.45.140, true
flo-production, prod.flodb.link., support-mgod-03.prod.flodb.link., A, 10.180.46.52, true
flo-security, flo-car.link., _4d4fb391aa6ecbf0218516de94d608c4.flo-car.link., CNAME, _a850f9f77e0c73c539127de8ec771379.jfrzftwwjs.acm-validations.aws., true
flo-security, flo-car.link., _e369038f4aab90966f1dc083c1208bbc.flo-car.link., CNAME, _34e190228c8f3a59a3a04a2bb9535272.qwknvqrlct.acm-validations.aws., true
flo-security, sec.music-flo.io., _0caef21f87c0143320939a8200d469c1.sec.music-flo.io., CNAME, _34db6f489dc2ab0718c994dac2bf8247.qwknvqrlct.acm-validations.aws., true
flo-security, sec.music-flo.io., _753a2c9332684094989af31710ca3335.sec.music-flo.io., CNAME, _afda2da6a6532d3b0e36e0b39dcaeaa1.btkxpdzscj.acm-validations.aws., true
flo-security, sec.music-flo.io., tadpole-proxy.sec.music-flo.io., A, 10.180.37.161, true
